{"chamber":"congress","metric":"dem_seats","histogram":{"counts":[156,0,0,0,0,0,0,0,0,0,0,0,0,936,0,0,0,0,0,0,0,0,0,0,0,0,747,0,0,0,0,0,0,0,0,0,0,0,0,161],"bin_edges":[4.0,4.075,4.15,4.225,4.3,4.375,4.45,4.525,4.6,4.675,4.75,4.825,4.9,4.975,5.05,5.125,5.2,5.275,5.35,5.425,5.5,5.575,5.65,5.725,5.8,5.875,5.95,6.025,6.1,6.175,6.25,6.324999999999999,6.4,6.475,6.55,6.625,6.699999999999999,6.775,6.85,6.925,7.0]},"total_plans":2000,"enacted_value":5,"enacted_percentile":54.6}