{"chamber":"congress","metric":"polsby_popper_mean","histogram":{"counts":[7,20,25,27,53,69,100,90,124,161,143,164,155,158,126,126,102,81,75,50,42,26,34,13,6,5,1,5,1,1,0,1,2,1,3,1,0,0,1,1],"bin_edges":[0.11843262680426425,0.12119298319463671,0.12395333958500918,0.12671369597538162,0.1294740523657541,0.13223440875612655,0.13499476514649902,0.13775512153687147,0.14051547792724395,0.1432758343176164,0.14603619070798887,0.14879654709836132,0.1515569034887338,0.15431725987910624,0.1570776162694787,0.15983797265985117,0.16259832905022364,0.1653586854405961,0.16811904183096854,0.17087939822134102,0.1736397546117135,0.17640011100208594,0.1791604673924584,0.18192082378283086,0.1846811801732033,0.18744153656357576,0.19020189295394824,0.1929622493443207,0.19572260573469316,0.1984829621250656,0.20124331851543809,0.20400367490581056,0.206764031296183,0.20952438768655546,0.21228474407692793,0.2150451004673004,0.21780545685767286,0.2205658132480453,0.22332616963841778,0.22608652602879026,0.2288468824191627]},"total_plans":2000,"enacted_value":0.2288468824191627,"enacted_percentile":100.0}