{"chamber":"congress","metric":"efficiency_gap","histogram":{"counts":[3,0,0,0,0,0,0,0,12,13,13,44,0,0,0,0,5,43,171,359,192,77,3,0,0,6,3,118,347,281,74,15,0,0,0,0,13,94,83,31],"bin_edges":[-0.08651179901562776,-0.07862035648244936,-0.07072891394927096,-0.06283747141609256,-0.05494602888291416,-0.04705458634973576,-0.03916314381655736,-0.03127170128337896,-0.023380258750200555,-0.015488816217022153,-0.00759737368384375,0.0002940688493346527,0.008185511382513042,0.016076953915691444,0.023968396448869847,0.03185983898204825,0.03975128151522665,0.04764272404840504,0.05553416658158346,0.06342560911476185,0.07131705164794026,0.07920849418111865,0.08709993671429707,0.09499137924747546,0.10288282178065385,0.11077426431383226,0.11866570684701065,0.12655714938018908,0.13444859191336744,0.14234003444654586,0.15023147697972428,0.1581229195129027,0.16601436204608105,0.17390580457925947,0.18179724711243783,0.18968868964561625,0.19758013217879467,0.20547157471197308,0.21336301724515144,0.22125445977832986,0.22914590231150828]},"total_plans":2000,"enacted_value":0.16009641953640183,"enacted_percentile":88.9}