{"chamber":"congress","metric":"mean_median","histogram":{"counts":[3,0,0,0,1,2,4,11,33,27,15,7,44,68,65,81,84,117,155,167,142,151,170,153,114,105,88,63,40,23,39,20,6,0,0,0,0,0,0,2],"bin_edges":[-0.016842895014711756,-0.014185572113855379,-0.011528249212999001,-0.008870926312142622,-0.0062136034112862445,-0.003556280510429867,-0.0008989576095734877,0.001758365291282888,0.004415688192139267,0.0070730110929956465,0.009730333993852022,0.012387656894708401,0.01504497979556478,0.01770230269642116,0.020359625597277532,0.02301694849813391,0.02567427139899029,0.02833159429984667,0.03098891720070305,0.03364624010155942,0.0363035630024158,0.03896088590327218,0.04161820880412856,0.04427553170498494,0.04693285460584132,0.0495901775066977,0.052247500407554076,0.05490482330841044,0.05756214620926682,0.0602194691101232,0.06287679201097958,0.06553411491183596,0.06819143781269234,0.07084876071354872,0.0735060836144051,0.07616340651526148,0.07882072941611785,0.08147805231697423,0.0841353752178306,0.08679269811868698,0.08945002101954336]},"total_plans":2000,"enacted_value":0.08928167955036503,"enacted_percentile":100.0}