{"chamber":"congress","metric":"dem_seats","histogram":{"counts":[221,0,0,0,0,0,0,0,0,0,844,0,0,0,0,0,0,0,0,0,850,0,0,0,0,0,0,0,0,0,82,0,0,0,0,0,0,0,0,3],"bin_edges":[4.0,4.1,4.2,4.3,4.4,4.5,4.6,4.7,4.8,4.9,5.0,5.1,5.2,5.3,5.4,5.5,5.6,5.7,5.8,5.9,6.0,6.1,6.2,6.300000000000001,6.4,6.5,6.6,6.7,6.800000000000001,6.9,7.0,7.1,7.2,7.300000000000001,7.4,7.5,7.6,7.7,7.800000000000001,7.9,8.0]},"total_plans":2000,"enacted_value":5,"enacted_percentile":53.2}