{"chamber":"congress","metric":"polsby_popper_mean","histogram":{"counts":[4,2,8,24,37,76,106,123,163,151,206,194,192,162,139,89,77,72,55,31,17,16,12,8,4,5,3,5,2,2,1,1,0,0,0,3,2,2,2,4],"bin_edges":[0.11516234050539594,0.11802759603692507,0.12089285156845421,0.12375810709998336,0.1266233626315125,0.12948861816304164,0.13235387369457077,0.1352191292260999,0.13808438475762905,0.14094964028915818,0.14381489582068735,0.1466801513522165,0.14954540688374562,0.15241066241527476,0.1552759179468039,0.15814117347833304,0.16100642900986217,0.1638716845413913,0.16673694007292045,0.1696021956044496,0.17246745113597875,0.1753327066675079,0.17819796219903702,0.18106321773056616,0.1839284732620953,0.18679372879362444,0.1896589843251536,0.1925242398566827,0.19538949538821188,0.19825475091974099,0.20112000645127015,0.2039852619827993,0.20685051751432842,0.20971577304585756,0.2125810285773867,0.21544628410891586,0.21831153964044497,0.22117679517197414,0.22404205070350325,0.2269073062350324,0.22977256176656155]},"total_plans":2000,"enacted_value":0.2288468824191627,"enacted_percentile":100.0}