{"chamber":"congress","metric":"efficiency_gap","histogram":{"counts":[34,63,24,40,0,0,0,0,0,0,0,53,203,258,181,38,12,2,0,0,0,0,14,52,341,335,160,31,3,0,0,0,0,0,0,6,24,35,50,41],"bin_edges":[-0.012943182241756248,-0.006856283719286987,-0.0007693851968177262,0.005317513325651533,0.011404411848120796,0.017491310370590058,0.023578208893059314,0.029665107415528576,0.035752005937997836,0.041838904460467105,0.04792580298293636,0.054012701505405616,0.06009960002787487,0.06618649855034414,0.0722733970728134,0.07836029559528267,0.08444719411775192,0.09053409264022118,0.09662099116269045,0.1027078896851597,0.10879478820762897,0.11488168673009821,0.12096858525256748,0.12705548377503675,0.133142382297506,0.13922928081997527,0.14531617934244453,0.1514030778649138,0.15748997638738305,0.16357687490985232,0.16966377343232159,0.17575067195479083,0.1818375704772601,0.18792446899972937,0.1940113675221986,0.20009826604466788,0.20618516456713715,0.2122720630896064,0.21835896161207566,0.22444586013454493,0.23053275865701417]},"total_plans":2000,"enacted_value":0.16009641953640183,"enacted_percentile":92.2}