{"chamber":"congress","metric":"polsby_popper_min","histogram":{"counts":[5,14,14,1,11,63,50,47,62,63,56,85,142,113,121,106,102,90,98,90,83,86,121,44,76,49,32,36,49,33,25,17,5,2,3,2,0,2,1,1],"bin_edges":[0.03699081099350726,0.03914481817410674,0.04129882535470623,0.043452832535305706,0.04560683971590519,0.04776084689650467,0.04991485407710415,0.05206886125770363,0.054222868438303116,0.0563768756189026,0.05853088279950208,0.06068488998010156,0.06283889716070104,0.06499290434130053,0.0671469115219,0.06930091870249949,0.07145492588309897,0.07360893306369845,0.07576294024429794,0.07791694742489741,0.0800709546054969,0.08222496178609638,0.08437896896669586,0.08653297614729535,0.08868698332789482,0.09084099050849431,0.09299499768909379,0.09514900486969327,0.09730301205029275,0.09945701923089223,0.10161102641149172,0.1037650335920912,0.10591904077269068,0.10807304795329016,0.11022705513388964,0.11238106231448913,0.11453506949508861,0.11668907667568809,0.11884308385628757,0.12099709103688705,0.12315109821748653]},"total_plans":2000,"enacted_value":0.1091379810044577,"enacted_percentile":99.6}