{"chamber":"congress","metric":"mean_median","histogram":{"counts":[11,2,1,1,13,13,16,29,41,22,26,38,43,72,82,97,94,107,91,87,135,145,139,183,151,96,87,70,42,33,9,7,11,3,1,1,0,0,0,1],"bin_edges":[-0.005387031709208845,-0.0030203139277194977,-0.0006535961462301506,0.0017131216352591965,0.004079839416748544,0.00644655719823789,0.008813274979727238,0.011179992761216586,0.013546710542705932,0.01591342832419528,0.018280146105684625,0.020646863887173975,0.02301358166866332,0.025380299450152667,0.027747017231642017,0.03011373501313136,0.03248045279462071,0.03484717057611006,0.0372138883575994,0.03958060613908875,0.041947323920578095,0.044314041702067444,0.046680759483556794,0.04904747726504614,0.05141419504653549,0.053780912828024836,0.05614763060951418,0.05851434839100353,0.06088106617249288,0.06324778395398223,0.06561450173547156,0.06798121951696091,0.07034793729845026,0.07271465507993961,0.07508137286142896,0.0774480906429183,0.07981480842440765,0.082181526205897,0.08454824398738635,0.0869149617688757,0.08928167955036503]},"total_plans":2000,"enacted_value":0.08928167955036503,"enacted_percentile":100.0}