{"chamber":"congress","metric":"polsby_popper_min","histogram":{"counts":[6,4,19,42,48,31,35,39,89,39,84,90,86,178,88,83,94,106,126,89,135,103,49,73,57,38,45,62,13,4,13,11,7,9,0,2,0,0,0,3],"bin_edges":[0.037641202156970185,0.039793631224659405,0.041946060292348625,0.044098489360037844,0.046250918427727064,0.04840334749541628,0.050555776563105496,0.052708205630794716,0.054860634698483936,0.057013063766173155,0.059165492833862375,0.061317921901551595,0.06347035096924081,0.06562278003693003,0.06777520910461925,0.06992763817230846,0.07208006723999769,0.07423249630768691,0.07638492537537613,0.07853735444306534,0.08068978351075456,0.08284221257844378,0.08499464164613299,0.08714707071382222,0.08929949978151144,0.09145192884920066,0.09360435791688987,0.0957567869845791,0.09790921605226831,0.10006164511995752,0.10221407418764675,0.10436650325533597,0.10651893232302519,0.1086713613907144,0.11082379045840363,0.11297621952609284,0.11512864859378207,0.11728107766147128,0.1194335067291605,0.12158593579684972,0.12373836486453894]},"total_plans":2000,"enacted_value":0.1091379810044577,"enacted_percentile":99.8}