{"chamber":"house","metric":"polsby_popper_mean","histogram":{"counts":[24,23,72,134,221,317,323,419,622,825,860,976,1114,896,828,695,579,486,282,56,18,4,1,15,7,13,14,24,4,9,11,13,20,21,5,6,12,8,23,20],"bin_edges":[0.20599451346853082,0.20715027356182256,0.2083060336551143,0.20946179374840604,0.21061755384169778,0.21177331393498955,0.2129290740282813,0.21408483412157303,0.21524059421486477,0.2163963543081565,0.21755211440144825,0.21870787449474,0.21986363458803174,0.22101939468132348,0.22217515477461522,0.22333091486790696,0.22448667496119873,0.22564243505449047,0.2267981951477822,0.22795395524107395,0.2291097153343657,0.23026547542765743,0.23142123552094918,0.23257699561424092,0.23373275570753266,0.23488851580082443,0.23604427589411617,0.2372000359874079,0.23835579608069965,0.2395115561739914,0.24066731626728313,0.24182307636057487,0.24297883645386661,0.24413459654715836,0.24529035664045012,0.24644611673374184,0.2476018768270336,0.24875763692032535,0.2499133970136171,0.2510691571069088,0.25222491720020057]},"total_plans":10000,"enacted_value":0.24855141398275388,"enacted_percentile":99.5}