{"chamber":"house","metric":"polsby_popper_min","histogram":{"counts":[76,0,21,469,32,349,290,1092,545,404,388,572,380,531,316,291,569,632,211,123,416,126,451,173,157,224,60,79,407,106,53,66,0,0,0,0,18,0,78,295],"bin_edges":[0.026401621650781703,0.027483300821789132,0.02856497999279656,0.02964665916380399,0.030728338334811416,0.03181001750581884,0.032891696676826274,0.0339733758478337,0.03505505501884113,0.03613673418984856,0.03721841336085599,0.038300092531863415,0.03938177170287084,0.04046345087387827,0.0415451300448857,0.042626809215893124,0.04370848838690056,0.04479016755790799,0.045871846728915415,0.04695352589992284,0.04803520507093027,0.0491168842419377,0.050198563412945124,0.05128024258395256,0.05236192175495999,0.05344360092596741,0.05452528009697484,0.05560695926798227,0.0566886384389897,0.057770317609997124,0.058851996781004556,0.05993367595201199,0.06101535512301941,0.06209703429402684,0.06317871346503427,0.06426039263604169,0.06534207180704912,0.06642375097805656,0.06750543014906397,0.06858710932007141,0.06966878849107884]},"total_plans":10000,"enacted_value":0.059459274359202466,"enacted_percentile":95.4}