{"chamber":"house","metric":"mean_median","histogram":{"counts":[34,1,60,40,23,41,31,180,49,94,274,200,100,91,452,608,538,502,993,783,602,921,609,497,294,241,431,187,206,86,136,46,151,195,120,79,0,56,0,49],"bin_edges":[0.0035605200856361208,0.005029351003918022,0.006498181922199922,0.007967012840481822,0.009435843758763723,0.010904674677045624,0.012373505595327523,0.013842336513609424,0.015311167431891325,0.016779998350173228,0.018248829268455127,0.019717660186737027,0.021186491105018926,0.02265532202330083,0.024124152941582728,0.02559298385986463,0.02706181477814653,0.02853064569642843,0.029999476614710332,0.031468307532992235,0.032937138451274134,0.03440596936955603,0.03587480028783793,0.03734363120611983,0.03881246212440173,0.04028129304268364,0.041750123960965536,0.043218954879247436,0.044687785797529335,0.046156616715811234,0.04762544763409314,0.04909427855237504,0.05056310947065694,0.05203194038893884,0.05350077130722074,0.054969602225502644,0.05643843314378454,0.05790726406206644,0.05937609498034834,0.06084492589863024,0.06231375681691215]},"total_plans":10000,"enacted_value":0.05452998945886128,"enacted_percentile":97.7}