{"chamber":"house","metric":"efficiency_gap","histogram":{"counts":[29,0,12,76,0,40,156,59,94,135,317,327,312,493,309,353,635,372,658,733,352,598,464,416,275,373,420,293,248,242,88,606,177,22,140,84,5,33,7,47],"bin_edges":[0.008345244982926636,0.010226217014049264,0.012107189045171893,0.013988161076294522,0.015869133107417152,0.01775010513853978,0.019631077169662406,0.021512049200785036,0.023393021231907667,0.025273993263030294,0.02715496529415292,0.029035937325275554,0.03091690935639818,0.03279788138752081,0.034678853418643435,0.03655982544976607,0.038440797480888696,0.04032176951201132,0.04220274154313395,0.04408371357425658,0.04596468560537921,0.04784565763650184,0.04972662966762447,0.0516076016987471,0.053488573729869725,0.05536954576099235,0.05725051779211498,0.05913148982323761,0.06101246185436024,0.06289343388548287,0.0647744059166055,0.06665537794772812,0.06853634997885075,0.07041732200997337,0.072298294041096,0.07417926607221863,0.07606023810334125,0.0779412101344639,0.07982218216558652,0.08170315419670915,0.08358412622783178]},"total_plans":10000,"enacted_value":0.05250302653137626,"enacted_percentile":67.6}