{"chamber":"senate","metric":"polsby_popper_mean","histogram":{"counts":[7,9,69,146,283,376,485,584,581,497,397,265,312,265,192,123,112,89,53,14,6,7,7,23,18,13,6,21,9,4,2,3,5,4,9,2,0,1,0,1],"bin_edges":[0.163978208667303,0.16631293315253123,0.1686476576377595,0.17098238212298772,0.17331710660821595,0.1756518310934442,0.17798655557867243,0.18032128006390066,0.18265600454912892,0.18499072903435715,0.1873254535195854,0.18966017800481363,0.19199490249004186,0.19432962697527012,0.19666435146049835,0.19899907594572658,0.20133380043095483,0.20366852491618306,0.2060032494014113,0.20833797388663955,0.21067269837186778,0.213007422857096,0.21534214734232426,0.2176768718275525,0.22001159631278072,0.22234632079800898,0.2246810452832372,0.22701576976846544,0.2293504942536937,0.23168521873892192,0.23401994322415015,0.2363546677093784,0.23868939219460664,0.24102411667983487,0.24335884116506312,0.24569356565029135,0.24802829013551958,0.25036301462074784,0.25269773910597604,0.2550324635912043,0.25736718807643255]},"total_plans":5000,"enacted_value":0.25736718807643255,"enacted_percentile":100.0}