{"chamber":"senate","metric":"mean_median","histogram":{"counts":[5,6,17,21,15,7,45,51,122,82,52,159,141,178,240,220,163,243,285,221,240,305,472,328,294,232,114,103,99,161,110,98,83,51,12,3,6,0,15,1],"bin_edges":[-0.010561779101007973,-0.008321612071421456,-0.0060814450418349405,-0.0038412780122484246,-0.0016011109826619078,0.000639056046924609,0.002879223076511124,0.0051193901060976425,0.0073595571356841576,0.009599724165270673,0.011839891194857191,0.014080058224443706,0.01632022525403022,0.01856039228361674,0.020800559313203258,0.023040726342789773,0.025280893372376288,0.027521060401962803,0.02976122743154932,0.03200139446113584,0.034241561490722355,0.03648172852030887,0.038721895549895385,0.0409620625794819,0.043202229609068415,0.04544239663865494,0.04768256366824145,0.04992273069782797,0.05216289772741449,0.054403064757001005,0.05664323178658752,0.058883398816174035,0.06112356584576055,0.06336373287534706,0.06560389990493358,0.0678440669345201,0.07008423396410661,0.07232440099369312,0.07456456802327965,0.07680473505286617,0.07904490208245268]},"total_plans":5000,"enacted_value":0.07616986988287,"enacted_percentile":99.7}