{"chamber":"senate","metric":"polsby_popper_mean","histogram":{"counts":[7,12,31,103,125,251,399,584,565,517,516,443,307,247,208,123,96,114,97,58,34,17,16,41,17,9,1,0,4,5,9,6,10,8,6,1,1,1,4,7],"bin_edges":[0.15923809925615331,0.1617041661703928,0.1641702330846323,0.16663629999887178,0.16910236691311128,0.17156843382735076,0.17403450074159027,0.17650056765582975,0.17896663457006923,0.18143270148430873,0.1838987683985482,0.18636483531278772,0.1888309022270272,0.1912969691412667,0.19376303605550618,0.19622910296974566,0.19869516988398517,0.20116123679822465,0.20362730371246412,0.20609337062670363,0.20855943754094314,0.21102550445518262,0.2134915713694221,0.2159576382836616,0.21842370519790108,0.22088977211214056,0.22335583902638007,0.22582190594061957,0.22828797285485905,0.23075403976909853,0.23322010668333804,0.23568617359757751,0.238152240511817,0.2406183074260565,0.243084374340296,0.24555044125453548,0.24801650816877496,0.25048257508301447,0.252948641997254,0.2554147089114934,0.25788077582573293]},"total_plans":5000,"enacted_value":0.25736718807643255,"enacted_percentile":100.0}