{"chamber":"senate","metric":"mean_median","histogram":{"counts":[4,3,48,45,34,156,135,200,290,315,360,254,381,423,563,364,327,266,156,133,235,56,59,107,7,18,10,4,0,0,0,1,0,0,4,1,34,0,0,7],"bin_edges":[-0.005162339389361503,-0.0028754567230919762,-0.0005885740568224492,0.0016983086094470778,0.003985191275716605,0.006272073941986131,0.008558956608255659,0.010845839274525187,0.013132721940794713,0.015419604607064239,0.017706487273333765,0.019993369939603295,0.02228025260587282,0.024567135272142347,0.026854017938411877,0.0291409006046814,0.03142778327095093,0.03371466593722046,0.03600154860348998,0.03828843126975951,0.040575313936029034,0.04286219660229856,0.04514907926856809,0.047435961934837616,0.049722844601107145,0.052009727267376675,0.0542966099336462,0.05658349259991573,0.05887037526618526,0.06115725793245479,0.0634441405987243,0.06573102326499383,0.06801790593126336,0.07030478859753289,0.07259167126380242,0.07487855393007194,0.07716543659634147,0.079452319262611,0.08173920192888053,0.08402608459515006,0.08631296726141957]},"total_plans":5000,"enacted_value":0.07616986988287,"enacted_percentile":99.2}