{"chamber":"senate","metric":"efficiency_gap","histogram":{"counts":[5,0,0,0,19,11,5,0,0,88,65,63,13,25,297,319,38,54,130,570,406,110,37,303,620,551,89,68,237,338,168,49,86,35,101,12,10,7,22,49],"bin_edges":[-0.032153148159852714,-0.02845350729203637,-0.024753866424220027,-0.021054225556403683,-0.01735458468858734,-0.013654943820770996,-0.009955302952954652,-0.006255662085138308,-0.0025560212173219646,0.001143619650494379,0.004843260518310723,0.008542901386127066,0.01224254225394341,0.015942183121759754,0.019641823989576097,0.02334146485739244,0.027041105725208785,0.030740746593025135,0.03444038746084147,0.03814002832865781,0.04183966919647416,0.04553931006429051,0.04923895093210685,0.05293859179992318,0.056638232667739534,0.060337873535555885,0.06403751440337221,0.06773715527118856,0.07143679613900492,0.07513643700682127,0.07883607787463759,0.08253571874245394,0.08623535961027029,0.08993500047808664,0.09363464134590299,0.09733428221371931,0.10103392308153566,0.10473356394935202,0.10843320481716834,0.11213284568498469,0.11583248655280103]},"total_plans":5000,"enacted_value":0.10954686302251221,"enacted_percentile":98.7}