{"chamber":"senate","metric":"efficiency_gap","histogram":{"counts":[2,0,0,0,11,4,0,68,68,81,52,42,21,84,158,347,487,93,145,205,543,414,291,137,112,255,375,278,171,47,31,151,136,64,28,3,27,23,4,42],"bin_edges":[-0.027210623894931146,-0.023791686721995064,-0.020372749549058978,-0.016953812376122895,-0.013534875203186811,-0.010115938030250727,-0.0066970008573146445,-0.0032780636843785585,0.000140873488557524,0.0035598106614936065,0.006978747834429692,0.010397685007365778,0.013816622180301857,0.017235559353237943,0.02065449652617403,0.02407343369911011,0.027492370872046194,0.03091130804498228,0.03433024521791836,0.03774918239085445,0.04116811956379053,0.04458705673672661,0.0480059939096627,0.05142493108259878,0.05484386825553486,0.058262805428470954,0.06168174260140703,0.06510067977434311,0.0685196169472792,0.07193855412021528,0.07535749129315136,0.07877642846608746,0.08219536563902353,0.08561430281195961,0.0890332399848957,0.09245217715783179,0.09587111433076786,0.09929005150370396,0.10270898867664005,0.10612792584957612,0.10954686302251221]},"total_plans":5000,"enacted_value":0.10954686302251221,"enacted_percentile":100.0}