{"chamber":"senate","metric":"polsby_popper_min","histogram":{"counts":[32,1,0,0,0,9,51,139,62,22,144,91,64,158,250,69,228,227,386,373,350,180,406,281,242,223,310,92,216,94,57,72,35,59,29,27,10,0,5,6],"bin_edges":[0.020234830978568905,0.022079099801709263,0.023923368624849624,0.02576763744798998,0.02761190627113034,0.029456175094270697,0.03130044391741106,0.03314471274055142,0.034988981563691776,0.036833250386832134,0.03867751920997249,0.04052178803311285,0.042366056856253206,0.044210325679393564,0.04605459450253392,0.047898863325674286,0.049743132148814644,0.05158740097195501,0.053431669795095366,0.05527593861823572,0.05712020744137608,0.05896447626451644,0.060808745087656796,0.06265301391079715,0.06449728273393751,0.06634155155707787,0.06818582038021823,0.07003008920335858,0.07187435802649894,0.07371862684963931,0.07556289567277967,0.07740716449592003,0.07925143331906039,0.08109570214220074,0.0829399709653411,0.08478423978848146,0.08662850861162182,0.08847277743476217,0.09031704625790253,0.09216131508104289,0.09400558390418325]},"total_plans":5000,"enacted_value":0.055859806192790115,"enacted_percentile":41.2}