{"chamber":"senate","metric":"polsby_popper_min","histogram":{"counts":[8,0,82,101,59,142,126,145,251,133,229,232,292,342,168,202,231,191,104,147,171,203,187,226,91,126,69,96,83,123,36,72,31,95,5,15,36,22,112,16],"bin_edges":[0.030826384525900453,0.03252943373380634,0.034232482941712224,0.0359355321496181,0.03763858135752399,0.03934163056542987,0.04104467977333576,0.04274772898124164,0.04445077818914753,0.046153827397053405,0.04785687660495929,0.049559925812865176,0.05126297502077106,0.05296602422867694,0.054669073436582824,0.05637212264448871,0.058075171852394594,0.05977822106030048,0.061481270268206364,0.06318431947611225,0.06488736868401812,0.06659041789192402,0.06829346709982989,0.06999651630773579,0.07169956551564166,0.07340261472354755,0.07510566393145343,0.07680871313935932,0.0785117623472652,0.08021481155517109,0.08191786076307697,0.08362090997098284,0.08532395917888874,0.08702700838679461,0.08873005759470051,0.09043310680260638,0.09213615601051227,0.09383920521841815,0.09554225442632402,0.09724530363422992,0.0989483528421358]},"total_plans":5000,"enacted_value":0.055859806192790115,"enacted_percentile":46.2}